directors,popularity,stars,title,writers
Sidney Lumet,"
                    430
      (","
        ,
,, ,, ,            ,
, »
    ","12 Angry Men ,            ","
        ,
, (story), , (screenplay)    "
Sergio Leone,"
                    521
      (","
        ,
,, ,, ,            ,
, »
    ","The Good, the Bad and the Ugly ,            ","
        ,
, (story), , (story)            ,
, »
    "
Frank Darabont,"
                    70
      (","
        ,
,, ,, ,            ,
, »
    ","The Shawshank Redemption ,            ","
        ,
, (short story ""Rita Hayworth and Shawshank Redemption""), , (screenplay)    "
Quentin Tarantino,"
                    117
      (","
        ,
,, ,, ,            ,
, »
    ","Pulp Fiction ,            ","
        ,
, (stories), , (stories)            ,
, »
    "
Francis Ford Coppola,"
                    341
      (","
        ,
,, ,, ,            ,
, »
    ","The Godfather: Part II ,            ","
        ,
, (screenplay by), , (screenplay by)            ,
, »
    "
Francis Ford Coppola,"
                    78
      (","
        ,
,, ,, ,            ,
, »
    ","The Godfather ,            ","
        ,
, (screenplay by), , (screenplay by)            ,
, »
    "
Christopher Nolan,"
                    79
      (","
        ,
,, ,, ,            ,
, »
    ","The Dark Knight ,            ","
        ,
, (screenplay), , (screenplay)            ,
, »
    "
Robert Zemeckis,"
                    185
      (","
        ,
,, ,, ,            ,
, »
    ","Forrest Gump ,            ","
        ,
, (novel), , (screenplay)    "
Peter Jackson,"
                    264
      (","
        ,
,, ,, ,            ,
, »
    ","The Lord of the Rings: The Return of the King ,            ","
        ,
, (novel), , (screenplay)            ,
, »
    "
Steven Spielberg,"
                    220
      (","
        ,
,, ,, ,            ,
, »
    ","Schindler's List ,            ","
        ,
, (book), , (screenplay)    "
Christopher Nolan,"
                    114
      (","
        ,
,, ,, ,            ,
, »
    ","Inception ,            ","
        ,
,    "
David Fincher,"
                    165
      (","
        ,
,, ,, ,            ,
, »
    ","Fight Club ,            ","
        ,
, (novel), , (screenplay)    "
Martin Scorsese,"
                    134
      (","
        ,
,, ,, ,            ,
, »
    ","Goodfellas ,            ","
        ,
, (book), , (screenplay)            ,
, »
    "
Peter Jackson,"
                    127
      (","
        ,
,, ,, ,            ,
, »
    ","The Lord of the Rings: The Fellowship of the Ring ,            ","
        ,
, (novel), , (screenplay)            ,
, »
    "
"Lana Wachowski,Lilly Wachowski","
                    143
      (","
        ,
,, ,, ,            ,
, »
    ","The Matrix ,            ","
        ,
, (as The Wachowski Brothers), , (as The Wachowski Brothers)    "
Peter Jackson,"
                    456
      (","
        ,
,, ,, ,            ,
, »
    ","The Lord of the Rings: The Two Towers ,            ","
        ,
, (novel), , (screenplay)            ,
, »
    "
"Hideaki Anno,Kazuya Tsurumaki",,"
        ,
,, ,, ,            ,
, »
    ","Neon Genesis Evangelion: The End of Evangelion ,            ","
        ,
, (screenplay)    "
Harold Ramis,"
                    770
      (","
        ,
,, ,, ,            ,
, »
    ","Groundhog Day ,            ","
        ,
, (screenplay), , (screenplay)            ,
, »
    "
Oriol Paulo,,"
        ,
,, ,, ,            ,
, »
    ","The Invisible Guest ,            ","
        ,
,    "
Rajkumar Hirani,,"
        ,
,, ,, ,            ,
, »
    ","PK ,            ","
        ,
,, ,    "
James Gunn,"
                    179
      (","
        ,
,, ,, ,            ,
, »
    ","Guardians of the Galaxy ,            ","
        ,
,, ,            ,
, »
    "
Ashutosh Gowariker,,"
        ,
,, ,, ,            ,
, »
    ","Swades ,            ","
        ,
, (story), , (story)            ,
, »
    "
"Ron Clements,John Musker","
                    793
      (","
        ,
,, ,, ,            ,
, »
    ","Aladdin ,            ","
        ,
, (screenplay by), , (screenplay by)            ,
, »
    "
Wim Wenders,"
                    2,840
      (","
        ,
,, ,, ,            ,
, »
    ","Paris, Texas ,            ","
        ,
, (adaptation), ,            ,
, »
    "
Katsuhiro Ôtomo,,"
        ,
,, ,, ,            ,
, »
    ","Akira ,            ","
        ,
, (screenplay), , (screenplay)            ,
, »
    "
George Roy Hill,"
                    2,434
      (","
        ,
,, ,, ,            ,
, »
    ","Butch Cassidy and the Sundance Kid ,            ","
        ,
,    "
James Cameron,"
                    343
      (","
        ,
,, ,, ,            ,
, »
    ","The Terminator ,            ","
        ,
,, ,            ,
, »
    "
Anurag Kashyap,"
                    3,449
      (","
        ,
,, ,, ,            ,
, »
    ","Gangs of Wasseypur ,            ","
        ,
,, ,            ,
, »
    "
Ashutosh Gowariker,,"
        ,
,, ,, ,            ,
, »
    ","Lagaan: Once Upon a Time in India ,            ","
        ,
, (story), , (screenplay)            ,
, »
    "
Tate Taylor,"
                    392
      (","
        ,
,, ,, ,            ,
, »
    ","The Help ,            ","
        ,
, (screenplay), , (novel)    "
Richard Linklater,"
                    2,385
      (","
        ,
,, ,, ,            ,
, »
    ","Before Sunset ,            ","
        ,
, (screenplay), , (screenplay)            ,
, »
    "
Kar-Wai Wong,"
                    1,648
      (","
        ,
,, ,, ,            ,
, »
    ","In the Mood for Love ,            ","
        ,
, (as Kar Wai Wong)    "
,,,"White Heat ,            ",
Billy Wilder,"
                    3,467
      (","
        ,
,, ,, ,            ,
, »
    ","Ace in the Hole ,            ","
        ,
,, ,            ,
, »
    "
"Michael Powell,Emeric Pressburger",,"
        ,
,, ,, ,            ,
, »
    ","The Red Shoes ,            ","
        ,
, (fairy tale), , (original screenplay)            ,
, »
    "
Rob Reiner,"
                    368
      (","
        ,
,, ,, ,            ,
, »
    ","The Princess Bride ,            ","
        ,
, (screenplay by), , (based upon his book)    "
Frank Capra,"
                    3,805
      (","
        ,
,, ,, ,            ,
, »
    ","It Happened One Night ,            ","
        ,
, (screen play), , (based on the short story by)    "
"Pete Docter,David Silverman,1 more credit","
                    853
      (","
        ,
,, ,, ,            ,
, »
    ","Monsters, Inc. ,            ","
        ,
, (original story by), , (original story by)            ,
, »
    "
Alfred Hitchcock,"
                    2,988
      (","
        ,
,, ,, ,            ,
, »
    ","Rebecca ,            ","
        ,
, (celebrated novel), , (screen play)            ,
, »
    "
John G. Avildsen,"
                    1,035
      (","
        ,
,, ,, ,            ,
, »
    ","Rocky ,            ","
        ,
,    "
Chan-wook Park,"
                    305
      (","
        ,
,, ,, ,            ,
, »
    ","The Handmaiden ,            ","
        ,
, (inspired by the novel ""Fingersmith"" by), , (screenplay)            ,
, »
    "
,,,"Hotel Rwanda ,            ",
Alejandro G. Iñárritu,"
                    2,998
      (","
        ,
,, ,, ,            ,
, »
    ","Amores Perros ,            ","
        ,
, (as Guillermo Arriaga Jordán)    "
François Truffaut,,"
        ,
,, ,, ,            ,
, »
    ","The 400 Blows ,            ","
        ,
, (scenario), , (adaptation) (as M. Moussy)            ,
, »
    "
Mathieu Kassovitz,,"
        ,
,, ,, ,            ,
, »
    ","La Haine ,            ","
        ,
,    "
Tom McCarthy,"
                    589
      (","
        ,
,, ,, ,            ,
, »
    ","Spotlight ,            ","
        ,
,, ,    "
Peter Weir,"
                    1,006
      (","
        ,
,, ,, ,            ,
, »
    ","Dead Poets Society ,            ","
        ,
,    "
Hayao Miyazaki,"
                    2,803
      (","
        ,
,, ,, ,            ,
, »
    ","Nausicaä of the Valley of the Wind ,            ","
        ,
, (based on the manga by), , (screenplay by)            ,
, »
    "
David Yates,"
                    325
      (","
        ,
,, ,, ,            ,
, »
    ","Harry Potter and the Deathly Hallows: Part 2 ,            ","
        ,
, (screenplay), , (novel)    "
,,,"Andrei Rublev ,            ",
Rakeysh Omprakash Mehra,,"
        ,
,, ,, ,            ,
, »
    ","Rang De Basanti ,            ","
        ,
, (screenplay), , (dialogue)            ,
, »
    "
William Wyler,"
                    2,070
      (","
        ,
,, ,, ,            ,
, »
    ","Ben-Hur ,            ","
        ,
, (novel) (as General Lew Wallace), , (screenplay)    "
Ron Howard,"
                    1,094
      (","
        ,
,, ,, ,            ,
, »
    ","Rush ,            ","
        ,
,    "
James Mangold,"
                    339
      (","
        ,
,, ,, ,            ,
, »
    ","Logan ,            ","
        ,
, (story by), , (screenplay by)            ,
, »
    "
Clint Eastwood,"
                    1,031
      (","
        ,
,, ,, ,            ,
, »
    ","Million Dollar Baby ,            ","
        ,
, (screenplay), , (stories)    "
Lasse Hallström,,"
        ,
,, ,, ,            ,
, »
    ","Hachi: A Dog's Tale ,            ","
        ,
, (screenplay), , (motion picture ""Hachiko monogatari"")    "
Oliver Stone,"
                    504
      (","
        ,
,, ,, ,            ,
, »
    ","Platoon ,            ","
        ,
,    "
George Miller,"
                    230
      (","
        ,
,, ,, ,            ,
, »
    ","Mad Max: Fury Road ,            ","
        ,
,, ,            ,
, »
    "
Stanley Kubrick,"
                    1,922
      (","
        ,
,, ,, ,            ,
, »
    ","Barry Lyndon ,            ","
        ,
, (written for the screen by), , (novel)    "
,,,"The Passion of Joan of Arc ,            ",
Rob Reiner,"
                    353
      (","
        ,
,, ,, ,            ,
, »
    ","Stand by Me ,            ","
        ,
, (novel), , (screenplay)            ,
, »
    "
Terry Jones,"
                    1,908
      (","
        ,
,, ,, ,            ,
, »
    ","Monty Python's Life of Brian ,            ","
        ,
,, ,            ,
, »
    "
Henri-Georges Clouzot,,"
        ,
,, ,, ,            ,
, »
    ","The Wages of Fear ,            ","
        ,
, (novel), , (adaptation) (as H.G. Clouzot)            ,
, »
    "
Sean Penn,"
                    423
      (","
        ,
,, ,, ,            ,
, »
    ","Into the Wild ,            ","
        ,
, (screenplay), , (book)    "
Steve McQueen,"
                    416
      (","
        ,
,, ,, ,            ,
, »
    ","12 Years a Slave ,            ","
        ,
, (screenplay by), , (based on ""Twelve Years a Slave"" by)    "
Sidney Lumet,"
                    2,416
      (","
        ,
,, ,, ,            ,
, »
    ","Network ,            ","
        ,
,    "
Denis Villeneuve,"
                    226
      (","
        ,
,, ,, ,            ,
, »
    ","Prisoners ,            ","
        ,
,    "
Stuart Rosenberg,"
                    2,653
      (","
        ,
,, ,, ,            ,
, »
    ","Cool Hand Luke ,            ","
        ,
, (screenplay), , (screenplay) (as Frank R. Pierson)            ,
, »
    "
Steven Spielberg,"
                    607
      (","
        ,
,, ,, ,            ,
, »
    ","Catch Me If You Can ,            ","
        ,
, (screenplay), , (book) (as Frank W. Abagnale)            ,
, »
    "
Ingmar Bergman,"
                    3,394
      (","
        ,
,, ,, ,            ,
, »
    ","Persona ,            ","
        ,
, (story and screenplay)    "
Richard Linklater,"
                    1,585
      (","
        ,
,, ,, ,            ,
, »
    ","Before Sunrise ,            ","
        ,
,, ,    "
Buster Keaton,,"
        ,
,, ,, ,            ,
, »
    ","Sherlock Jr. ,            ","
        ,
, (story) (as Jean Havez), , (story) (as Joe Mitchell)            ,
, »
    "
"Dean DeBlois,Chris Sanders","
                    1,732
      (","
        ,
,, ,, ,            ,
, »
    ","How to Train Your Dragon ,            ","
        ,
, (screenplay by) (as Will Davies), , (screenplay by)            ,
, »
    "
Frank Capra,"
                    4,463
      (","
        ,
,, ,, ,            ,
, »
    ","Mr. Smith Goes to Washington ,            ","
        ,
, (screen play), , (story)    "
Mel Gibson,"
                    219
      (","
        ,
,, ,, ,            ,
, »
    ","Hacksaw Ridge ,            ","
        ,
, (screenplay by), , (screenplay by)    "
"Clyde Bruckman,Buster Keaton",,"
        ,
,, ,, ,            ,
, »
    ","The General ,            ","
        ,
,, ,            ,
, »
    "
"Sergio Pablos,Carlos Martínez López","
                    851
      (","
        ,
,, ,, ,            ,
, »
    ","Klaus ,            ","
        ,
, (original story by), , (screenplay by)            ,
, »
    "
Wes Anderson,"
                    282
      (","
        ,
,, ,, ,            ,
, »
    ","The Grand Budapest Hotel ,            ","
        ,
, (inspired by the writings of), , (screenplay)            ,
, »
    "
David Fincher,"
                    147
      (","
        ,
,, ,, ,            ,
, »
    ","Gone Girl ,            ","
        ,
, (screenplay), , (novel)    "
"Joel Coen,Ethan Coen","
                    384
      (","
        ,
,, ,, ,            ,
, »
    ","The Big Lebowski ,            ","
        ,
,, ,    "
Adam Elliot,,"
        ,
,, ,, ,            ,
, »
    ","Mary and Max ,            ","
        ,
,    "
Bong Joon Ho,"
                    279
      (","
        ,
,, ,, ,            ,
, »
    ","Memories of Murder ,            ","
        ,
,, , (play)            ,
, »
    "
Sriram Raghavan,,"
        ,
,, ,, ,            ,
, »
    ","Andhadhun ,            ","
        ,
,, ,            ,
, »
    "
James Mangold,"
                    19
      (","
        ,
,, ,, ,            ,
, »
    ","Ford v Ferrari ,            ","
        ,
,, ,            ,
, »
    "
,,,"In the Name of the Father ,            ",
,,,"The Bandit ,            ",
Damián Szifron,"
                    2,171
      (","
        ,
,, ,, ,            ,
, »
    ","Wild Tales ,            ","
        ,
, (collaborating writer), ,    "
Yasujirô Ozu,,"
        ,
,, ,, ,            ,
, »
    ","Tokyo Story ,            ","
        ,
, (scenario), , (scenario)    "
,,,"Stalker ,            ",
Michael Cimino,"
                    756
      (","
        ,
,, ,, ,            ,
, »
    ","The Deer Hunter ,            ","
        ,
, (story), , (story)            ,
, »
    "
Peter Weir,"
                    577
      (","
        ,
,, ,, ,            ,
, »
    ","The Truman Show ,            ","
        ,
,    "
Clint Eastwood,"
                    1,678
      (","
        ,
,, ,, ,            ,
, »
    ","Gran Torino ,            ","
        ,
, (screenplay), , (story)            ,
, »
    "
Quentin Tarantino,"
                    400
      (","
        ,
,, ,, ,            ,
, »
    ","Kill Bill: Vol. 1 ,            ","
        ,
,, , (character The Bride) (as Q)            ,
, »
    "
,,,"Wild Strawberries ,            ",
Elia Kazan,"
                    2,863
      (","
        ,
,, ,, ,            ,
, »
    ","On the Waterfront ,            ","
        ,
, (screenplay), , (based upon an original story by)            ,
, »
    "
"Joel Coen,Ethan Coen","
                    712
      (","
        ,
,, ,, ,            ,
, »
    ","Fargo ,            ","
        ,
,, ,    "
David Lean,"
                    2,799
      (","
        ,
,, ,, ,            ,
, »
    ","The Bridge on the River Kwai ,            ","
        ,
, (novel), , (screenplay)            ,
, »
    "
"Andrew Stanton,Lee Unkrich","
                    840
      (","
        ,
,, ,, ,            ,
, »
    ","Finding Nemo ,            ","
        ,
, (original story by), , (screenplay by)            ,
, »
    "
Carol Reed,"
                    2,368
      (","
        ,
,, ,, ,            ,
, »
    ","The Third Man ,            ","
        ,
, (by), , (screen play)    "
Ridley Scott,"
                    159
      (","
        ,
,, ,, ,            ,
, »
    ","Blade Runner ,            ","
        ,
, (screenplay), , (screenplay) (as David Peoples)            ,
, »
    "
Steven Spielberg,"
                    168
      (","
        ,
,, ,, ,            ,
, »
    ","Jurassic Park ,            ","
        ,
, (novel), , (screenplay)            ,
, »
    "
John Carpenter,"
                    617
      (","
        ,
,, ,, ,            ,
, »
    ","The Thing ,            ","
        ,
, (screenplay), , (story)    "
Lenny Abrahamson,"
                    435
      (","
        ,
,, ,, ,            ,
, »
    ","Room ,            ","
        ,
, (screenplay by), , (based on the novel by)    "
M. Night Shyamalan,"
                    836
      (","
        ,
,, ,, ,            ,
, »
    ","The Sixth Sense ,            ","
        ,
,    "
"Victor Fleming,George Cukor,1 more credit","
                    212
      (","
        ,
,, ,, ,            ,
, »
    ","Gone with the Wind ,            ","
        ,
, (story of the old south ""Gone with the Wind""), , (screenplay)    "
,,,"The Elephant Man ,            ",
Danny Boyle,"
                    567
      (","
        ,
,, ,, ,            ,
, »
    ","Trainspotting ,            ","
        ,
, (based on the novel by), , (screenplay)    "
"Ethan Coen,Joel Coen","
                    213
      (","
        ,
,, ,, ,            ,
, »
    ","No Country for Old Men ,            ","
        ,
, (screenplay), , (screenplay)            ,
, »
    "
James McTeigue,"
                    618
      (","
        ,
,, ,, ,            ,
, »
    ","V for Vendetta ,            ","
        ,
, (screenplay) (as The Wachowski Brothers), , (screenplay) (as The Wachowski Brothers)            ,
, »
    "
Gavin O'Connor,"
                    379
      (","
        ,
,, ,, ,            ,
, »
    ","Warrior ,            ","
        ,
, (screenplay), , (screenplay)            ,
, »
    "
Martin Scorsese,"
                    296
      (","
        ,
,, ,, ,            ,
, »
    ","Shutter Island ,            ","
        ,
, (screenplay), , (novel)    "
,,,"The Seventh Seal ,            ",
"Pete Docter,Ronnie Del Carmen","
                    640
      (","
        ,
,, ,, ,            ,
, »
    ","Inside Out ,            ","
        ,
, (original story by), , (original story by)            ,
, »
    "
Alfred Hitchcock,"
                    3,747
      (","
        ,
,, ,, ,            ,
, »
    ","Dial M for Murder ,            ","
        ,
, (screen play by), , (as adapted from his play)    "
,,,"My Father and My Son ,            ",
Charles Chaplin,,"
        ,
,, ,, ,            ,
, »
    ","The Gold Rush ,            ","
        ,
,    "
Martin McDonagh,"
                    285
      (","
        ,
,, ,, ,            ,
, »
    ","Three Billboards Outside Ebbing, Missouri ,            ","
        ,
,    "
John Huston,,"
        ,
,, ,, ,            ,
, »
    ","The Treasure of the Sierra Madre ,            ","
        ,
, (screenplay), , (based on the novel by)    "
Paul Thomas Anderson,"
                    582
      (","
        ,
,, ,, ,            ,
, »
    ","There Will Be Blood ,            ","
        ,
, (written for the screen by), , (novel)    "
Stanley Kramer,"
                    4,864
      (","
        ,
,, ,, ,            ,
, »
    ","Judgment at Nuremberg ,            ","
        ,
,, , (based on his original story by)    "
Martin Scorsese,"
                    126
      (","
        ,
,, ,, ,            ,
, »
    ","The Wolf of Wall Street ,            ","
        ,
, (screenplay), , (book)    "
Guy Ritchie,"
                    699
      (","
        ,
,, ,, ,            ,
, »
    ","Lock, Stock and Two Smoking Barrels ,            ","
        ,
,    "
Juan José Campanella,"
                    1,881
      (","
        ,
,, ,, ,            ,
, »
    ","The Secret in Their Eyes ,            ","
        ,
, (screenplay), , (screenplay)            ,
, »
    "
Martin Scorsese,"
                    996
      (","
        ,
,, ,, ,            ,
, »
    ","Raging Bull ,            ","
        ,
, (based on the book by) (as Jake La Motta), , (with)            ,
, »
    "
Martin Scorsese,"
                    822
      (","
        ,
,, ,, ,            ,
, »
    ","Casino ,            ","
        ,
, (book), , (screenplay)            ,
, »
    "
Ron Howard,"
                    783
      (","
        ,
,, ,, ,            ,
, »
    ","A Beautiful Mind ,            ","
        ,
,, , (book)    "
Guillermo del Toro,"
                    472
      (","
        ,
,, ,, ,            ,
, »
    ","Pan's Labyrinth ,            ","
        ,
,    "
Hayao Miyazaki,"
                    807
      (","
        ,
,, ,, ,            ,
, »
    ","My Neighbor Totoro ,            ","
        ,
,    "
Roman Polanski,"
                    924
      (","
        ,
,, ,, ,            ,
, »
    ","Chinatown ,            ","
        ,
,    "
John Sturges,"
                    1,586
      (","
        ,
,, ,, ,            ,
, »
    ","The Great Escape ,            ","
        ,
, (book), , (screenplay)            ,
, »
    "
Akira Kurosawa,"
                    2,926
      (","
        ,
,, ,, ,            ,
, »
    ","Ran ,            ","
        ,
, (screenplay), , (screenplay)            ,
, »
    "
Joseph L. Mankiewicz,"
                    3,582
      (","
        ,
,, ,, ,            ,
, »
    ","All About Eve ,            ","
        ,
, (written for the screen by)    "
Hayao Miyazaki,"
                    1,101
      (","
        ,
,, ,, ,            ,
, »
    ","Howl's Moving Castle ,            ","
        ,
, (screenplay), , (novel) (as Daiana Win Jônzu)    "
Elem Klimov,,"
        ,
,, ,, ,            ,
, »
    ","Come and See ,            ","
        ,
, (story) (as A. Adamovich), , (screenplay) (as A. Adamovich)            ,
, »
    "
Billy Wilder,"
                    1,531
      (","
        ,
,, ,, ,            ,
, »
    ","Some Like It Hot ,            ","
        ,
, (screenplay), , (screenplay)            ,
, »
    "
Peter Farrelly,"
                    124
      (","
        ,
,, ,, ,            ,
, »
    ","Green Book ,            ","
        ,
,, , (as Brian Currie)            ,
, »
    "
,,,"Downfall ,            ",
Majid Majidi,,"
        ,
,, ,, ,            ,
, »
    ","Children of Heaven ,            ","
        ,
,    "
Clint Eastwood,"
                    864
      (","
        ,
,, ,, ,            ,
, »
    ","Unforgiven ,            ","
        ,
,    "
,,,"Yojimbo ,            ",
Christopher Nolan,"
                    268
      (","
        ,
,, ,, ,            ,
, »
    ","Batman Begins ,            ","
        ,
, (characters), , (story)            ,
, »
    "
,,,"Rashomon ,            ",
John McTiernan,"
                    609
      (","
        ,
,, ,, ,            ,
, »
    ","Die Hard ,            ","
        ,
, (novel), , (screenplay)            ,
, »
    "
Michael Mann,"
                    433
      (","
        ,
,, ,, ,            ,
, »
    ","Heat ,            ","
        ,
,    "
"Terry Gilliam,Terry Jones","
                    1,270
      (","
        ,
,, ,, ,            ,
, »
    ","Monty Python and the Holy Grail ,            ","
        ,
,, ,            ,
, »
    "
Curtis Hanson,"
                    1,279
      (","
        ,
,, ,, ,            ,
, »
    ","L.A. Confidential ,            ","
        ,
, (novel), , (screenplay)            ,
, »
    "
Denis Villeneuve,"
                    1,277
      (","
        ,
,, ,, ,            ,
, »
    ","Incendies ,            ","
        ,
, (scenario), , (play)            ,
, »
    "
Billy Wilder,"
                    2,571
      (","
        ,
,, ,, ,            ,
, »
    ","The Apartment ,            ","
        ,
,, ,    "
Steven Spielberg,"
                    496
      (","
        ,
,, ,, ,            ,
, »
    ","Indiana Jones and the Last Crusade ,            ","
        ,
, (screenplay), , (story)            ,
, »
    "
"Pete Docter,Bob Peterson","
                    494
      (","
        ,
,, ,, ,            ,
, »
    ","Up ,            ","
        ,
, (story by), , (story by)            ,
, »
    "
Billy Wilder,"
                    3,915
      (","
        ,
,, ,, ,            ,
, »
    ","Double Indemnity ,            ","
        ,
, (screenplay), , (screenplay)            ,
, »
    "
Asghar Farhadi,"
                    2,356
      (","
        ,
,, ,, ,            ,
, »
    ","A Separation ,            ","
        ,
,    "
Robert Mulligan,"
                    1,326
      (","
        ,
,, ,, ,            ,
, »
    ","To Kill a Mockingbird ,            ","
        ,
, (based on her novel ""To Kill a Mockingbird""), , (screenplay)    "
,,,"Ikiru ,            ",
George Roy Hill,"
                    2,606
      (","
        ,
,, ,, ,            ,
, »
    ","The Sting ,            ","
        ,
,    "
Sergio Leone,"
                    2,619
      (","
        ,
,, ,, ,            ,
, »
    ","For a Few Dollars More ,            ","
        ,
, (scenario), , (scenario)            ,
, »
    "
Lee Unkrich,"
                    780
      (","
        ,
,, ,, ,            ,
, »
    ","Toy Story 3 ,            ","
        ,
, (story by), , (story by)            ,
, »
    "
Jean-Pierre Jeunet,"
                    854
      (","
        ,
,, ,, ,            ,
, »
    ","Amélie ,            ","
        ,
, (scenario), , (scenario)            ,
, »
    "
Nadine Labaki,"
                    732
      (","
        ,
,, ,, ,            ,
, »
    ","Capernaum ,            ","
        ,
, (screenplay), , (screenplay)            ,
, »
    "
David Lean,"
                    643
      (","
        ,
,, ,, ,            ,
, »
    ","Lawrence of Arabia ,            ","
        ,
, (writings), , (screenplay)            ,
, »
    "
Brian De Palma,"
                    297
      (","
        ,
,, ,, ,            ,
, »
    ","Scarface ,            ","
        ,
, (screenplay by)    "
Martin Scorsese,"
                    277
      (","
        ,
,, ,, ,            ,
, »
    ","Taxi Driver ,            ","
        ,
,    "
Vittorio De Sica,,"
        ,
,, ,, ,            ,
, »
    ","Bicycle Thieves ,            ","
        ,
, (story), , (novel)            ,
, »
    "
"Stanley Donen,Gene Kelly","
                    2,163
      (","
        ,
,, ,, ,            ,
, »
    ","Singin' in the Rain ,            ","
        ,
, (story by), , (story by)    "
,,,"The Kid ,            ",
Fritz Lang,"
                    1,643
      (","
        ,
,, ,, ,            ,
, »
    ","Metropolis ,            ","
        ,
, (screenplay), , (novel)    "
Guy Ritchie,"
                    248
      (","
        ,
,, ,, ,            ,
, »
    ","Snatch ,            ","
        ,
,    "
Stanley Kubrick,"
                    396
      (","
        ,
,, ,, ,            ,
, »
    ","A Clockwork Orange ,            ","
        ,
, (screenplay), , (novel)    "
Stanley Kubrick,"
                    601
      (","
        ,
,, ,, ,            ,
, »
    ","Full Metal Jacket ,            ","
        ,
, (screenplay by), , (screenplay by)            ,
, »
    "
Orson Welles,"
                    1,348
      (","
        ,
,, ,, ,            ,
, »
    ","Citizen Kane ,            ","
        ,
, (original screen play), , (original screen play)    "
Alfred Hitchcock,"
                    2,036
      (","
        ,
,, ,, ,            ,
, »
    ","North by Northwest ,            ","
        ,
,    "
Thomas Vinterberg,"
                    912
      (","
        ,
,, ,, ,            ,
, »
    ","The Hunt ,            ","
        ,
, (screenplay), , (screenplay)    "
Michel Gondry,"
                    227
      (","
        ,
,, ,, ,            ,
, »
    ","Eternal Sunshine of the Spotless Mind ,            ","
        ,
, (story), , (story)            ,
, »
    "
,,,"M ,            ",
Alfred Hitchcock,"
                    1,266
      (","
        ,
,, ,, ,            ,
, »
    ","Vertigo ,            ","
        ,
, (screenplay by), , (screenplay by) (as Samuel Taylor)            ,
, »
    "
Nitesh Tiwari,,"
        ,
,, ,, ,            ,
, »
    ","Dangal ,            ","
        ,
,, ,            ,
, »
    "
Darren Aronofsky,"
                    331
      (","
        ,
,, ,, ,            ,
, »
    ","Requiem for a Dream ,            ","
        ,
, (based on the book by), , (screenplay)            ,
, »
    "
Gus Van Sant,"
                    373
      (","
        ,
,, ,, ,            ,
, »
    ","Good Will Hunting ,            ","
        ,
,, ,    "
Stanley Kubrick,"
                    531
      (","
        ,
,, ,, ,            ,
, »
    ","2001: A Space Odyssey ,            ","
        ,
, (screenplay), , (screenplay)    "
Quentin Tarantino,"
                    110
      (","
        ,
,, ,, ,            ,
, »
    ","Inglourious Basterds ,            ","
        ,
,    "
Quentin Tarantino,"
                    495
      (","
        ,
,, ,, ,            ,
, »
    ","Reservoir Dogs ,            ","
        ,
,, , (background radio dialogue written by)            ,
, »
    "
,,,"High and Low ,            ",
Milos Forman,"
                    1,016
      (","
        ,
,, ,, ,            ,
, »
    ","Amadeus ,            ","
        ,
, (original stage play), , (original screenplay)    "
"Aamir Khan,Amole Gupte",,"
        ,
,, ,, ,            ,
, »
    ","Like Stars on Earth ,            ","
        ,
, (dialogue & screenplay), , (story)    "
Richard Marquand,"
                    739
      (","
        ,
,, ,, ,            ,
, »
    ","Star Wars: Episode VI - Return of the Jedi ,            ","
        ,
, (screenplay by), , (screenplay by)            ,
, »
    "
John Lasseter,"
                    407
      (","
        ,
,, ,, ,            ,
, »
    ","Toy Story ,            ","
        ,
, (original story by), , (original story by)            ,
, »
    "
Wolfgang Petersen,"
                    2,143
      (","
        ,
,, ,, ,            ,
, »
    ","Das Boot ,            ","
        ,
, (screenplay), , (novel)    "
Rajkumar Hirani,"
                    1,367
      (","
        ,
,, ,, ,            ,
, »
    ","3 Idiots ,            ","
        ,
, (screenplay), , (screenplay)            ,
, »
    "
Sam Mendes,"
                    197
      (","
        ,
,, ,, ,            ,
, »
    ","American Beauty ,            ","
        ,
,    "
Sergio Leone,,"
        ,
,, ,, ,            ,
, »
    ","Once Upon a Time in America ,            ","
        ,
, (novel), , (screenplay)            ,
, »
    "
"Lee Unkrich,Adrian Molina","
                    527
      (","
        ,
,, ,, ,            ,
, »
    ","Coco ,            ","
        ,
, (original story by), , (original story by)            ,
, »
    "
Makoto Shinkai,"
                    580
      (","
        ,
,, ,, ,            ,
, »
    ","Your Name. ,            ","
        ,
, (based on his novel), , (screenplay)            ,
, »
    "
James Cameron,"
                    522
      (","
        ,
,, ,, ,            ,
, »
    ","Aliens ,            ","
        ,
, (story by), , (story by)            ,
, »
    "
Mel Gibson,"
                    517
      (","
        ,
,, ,, ,            ,
, »
    ","Braveheart ,            ","
        ,
,    "
Christopher Nolan,"
                    199
      (","
        ,
,, ,, ,            ,
, »
    ","The Dark Knight Rises ,            ","
        ,
, (screenplay), , (screenplay)            ,
, »
    "
,,,"Witness for the Prosecution ,            ",
Chan-wook Park,"
                    338
      (","
        ,
,, ,, ,            ,
, »
    ","Oldboy ,            ","
        ,
, (story), , (comic)            ,
, »
    "
Stanley Kubrick,"
                    1,121
      (","
        ,
,, ,, ,            ,
, »
    ","Dr. Strangelove or: How I Learned to Stop Worrying and Love the Bomb ,            ","
        ,
, (screenplay), , (screenplay)            ,
, »
    "
Hayao Miyazaki,"
                    972
      (","
        ,
,, ,, ,            ,
, »
    ","Princess Mononoke ,            ","
        ,
,, , (adapted by: English version)    "
Billy Wilder,,"
        ,
,, ,, ,            ,
, »
    ","Sunset Blvd. ,            ","
        ,
,, ,            ,
, »
    "
"Bob Persichetti,Peter Ramsey,1 more credit","
                    202
      (","
        ,
,, ,, ,            ,
, »
    ","Spider-Man: Into the Spider-Verse ,            ","
        ,
, (screenplay by), , (screenplay by)            ,
, »
    "
Stanley Kubrick,"
                    123
      (","
        ,
,, ,, ,            ,
, »
    ","The Shining ,            ","
        ,
, (novel), , (screenplay)            ,
, »
    "
Andrew Stanton,"
                    956
      (","
        ,
,, ,, ,            ,
, »
    ","WALL·E ,            ","
        ,
, (original story by), , (original story by)            ,
, »
    "
Stanley Kubrick,,"
        ,
,, ,, ,            ,
, »
    ","Paths of Glory ,            ","
        ,
, (screenplay), , (screenplay)            ,
, »
    "
"Anthony Russo,Joe Russo","
                    48
      (","
        ,
,, ,, ,            ,
, »
    ","Avengers: Endgame ,            ","
        ,
, (screenplay by), , (screenplay by)            ,
, »
    "
Quentin Tarantino,"
                    245
      (","
        ,
,, ,, ,            ,
, »
    ","Django Unchained ,            ","
        ,
,    "
,,,"The Lives of Others ,            ",
Christopher Nolan,"
                    403
      (","
        ,
,, ,, ,            ,
, »
    ","Memento ,            ","
        ,
, (screenplay), , (short story ""Memento Mori"")    "
Sam Mendes,"
                    10
      (","
        ,
,, ,, ,            ,
, »
    ","1917 ,            ","
        ,
,, ,    "
"Anthony Russo,Joe Russo","
                    191
      (","
        ,
,, ,, ,            ,
, »
    ","Avengers: Infinity War ,            ","
        ,
, (screenplay by), , (screenplay by)            ,
, »
    "
Charles Chaplin,,"
        ,
,, ,, ,            ,
, »
    ","The Great Dictator ,            ","
        ,
,    "
Steven Spielberg,"
                    355
      (","
        ,
,, ,, ,            ,
, »
    ","Raiders of the Lost Ark ,            ","
        ,
, (screenplay by), , (story by)            ,
, »
    "
Ridley Scott,"
                    236
      (","
        ,
,, ,, ,            ,
, »
    ","Alien ,            ","
        ,
, (screenplay by), , (story by)            ,
, »
    "
Francis Ford Coppola,"
                    319
      (","
        ,
,, ,, ,            ,
, »
    ","Apocalypse Now ,            ","
        ,
,, , (as Francis Coppola)            ,
, »
    "
Alfred Hitchcock,"
                    1,164
      (","
        ,
,, ,, ,            ,
, »
    ","Rear Window ,            ","
        ,
, (screenplay), , (based on the short story by)    "
Giuseppe Tornatore,"
                    1,825
      (","
        ,
,, ,, ,            ,
, »
    ","Cinema Paradiso ,            ","
        ,
, (story), , (screenplay)            ,
, »
    "
Sergio Leone,"
                    660
      (","
        ,
,, ,, ,            ,
, »
    ","Once Upon a Time in the West ,            ","
        ,
, (screenplay by), , (screenplay by)            ,
, »
    "
Todd Phillips,"
                    14
      (","
        ,
,, ,, ,            ,
, »
    ","Joker ,            ","
        ,
,, ,            ,
, »
    "
Damien Chazelle,"
                    315
      (","
        ,
,, ,, ,            ,
, »
    ","Whiplash ,            ","
        ,
,    "
"Olivier Nakache,Éric Toledano","
                    700
      (","
        ,
,, ,, ,            ,
, »
    ","The Intouchables ,            ","
        ,
,, , (adapted from his autobiographical tale Le Second Souffle)            ,
, »
    "
Michael Curtiz,"
                    742
      (","
        ,
,, ,, ,            ,
, »
    ","Casablanca ,            ","
        ,
, (screenplay), , (screenplay)            ,
, »
    "
Isao Takahata,,"
        ,
,, ,, ,            ,
, »
    ","Grave of the Fireflies ,            ","
        ,
, (novel), ,    "
,,,"City Lights ,            ",
Christopher Nolan,"
                    272
      (","
        ,
,, ,, ,            ,
, »
    ","The Prestige ,            ","
        ,
, (screenplay), , (screenplay)            ,
, »
    "
Martin Scorsese,"
                    224
      (","
        ,
,, ,, ,            ,
, »
    ","The Departed ,            ","
        ,
, (screenplay), ,            ,
, »
    "
Ridley Scott,"
                    172
      (","
        ,
,, ,, ,            ,
, »
    ","Gladiator ,            ","
        ,
, (story), , (screenplay)            ,
, »
    "
,,,"Modern Times ,            ",
Alfred Hitchcock,"
                    505
      (","
        ,
,, ,, ,            ,
, »
    ","Psycho ,            ","
        ,
, (screenplay by), , (based on the novel by)    "
Robert Zemeckis,"
                    186
      (","
        ,
,, ,, ,            ,
, »
    ","Back to the Future ,            ","
        ,
,, ,    "
Roman Polanski,"
                    380
      (","
        ,
,, ,, ,            ,
, »
    ","The Pianist ,            ","
        ,
, (screenplay), , (book)    "
James Cameron,"
                    314
      (","
        ,
,, ,, ,            ,
, »
    ","Terminator 2: Judgment Day ,            ","
        ,
,, ,    "
Tony Kaye,"
                    477
      (","
        ,
,, ,, ,            ,
, »
    ","American History X ,            ","
        ,
,    "
Bryan Singer,"
                    473
      (","
        ,
,, ,, ,            ,
, »
    ","The Usual Suspects ,            ","
        ,
,    "
,,,"Harakiri ,            ",
Luc Besson,"
                    254
      (","
        ,
,, ,, ,            ,
, »
    ","Léon: The Professional ,            ","
        ,
,    "
"Roger Allers,Rob Minkoff","
                    276
      (","
        ,
,, ,, ,            ,
, »
    ","The Lion King ,            ","
        ,
, (screenplay by), , (screenplay by)            ,
, »
    "
Frank Darabont,"
                    253
      (","
        ,
,, ,, ,            ,
, »
    ","The Green Mile ,            ","
        ,
, (novel), , (screenplay)    "
Hayao Miyazaki,"
                    394
      (","
        ,
,, ,, ,            ,
, »
    ","Spirited Away ,            ","
        ,
,    "
Christopher Nolan,"
                    119
      (","
        ,
,, ,, ,            ,
, »
    ","Interstellar ,            ","
        ,
,, ,    "
Steven Spielberg,"
                    286
      (","
        ,
,, ,, ,            ,
, »
    ","Saving Private Ryan ,            ","
        ,
,    "
George Lucas,"
                    262
      (","
        ,
,, ,, ,            ,
, »
    ","Star Wars: Episode IV - A New Hope ,            ","
        ,
,    "
Jonathan Demme,"
                    171
      (","
        ,
,, ,, ,            ,
, »
    ","The Silence of the Lambs ,            ","
        ,
, (novel), , (screenplay)    "
Frank Capra,"
                    1,614
      (","
        ,
,, ,, ,            ,
, »
    ","It's a Wonderful Life ,            ","
        ,
, (screenplay), , (screenplay)            ,
, »
    "
Bong Joon Ho,"
                    1
                ","
        ,
,, ,, ,            ,
, »
    ","Parasite ,            ","
        ,
, (story), , (screenplay)            ,
, »
    "
David Fincher,"
                    201
      (","
        ,
,, ,, ,            ,
, »
    ","Se7en ,            ","
        ,
,    "
Roberto Benigni,"
                    486
      (","
        ,
,, ,, ,            ,
, »
    ","Life Is Beautiful ,            ","
        ,
, (story and screenplay by), , (story and screenplay by)    "
Milos Forman,"
                    401
      (","
        ,
,, ,, ,            ,
, »
    ","One Flew Over the Cuckoo's Nest ,            ","
        ,
, (screenplay), , (screenplay)            ,
, »
    "
"Fernando Meirelles,Kátia Lund","
                    679
      (","
        ,
,, ,, ,            ,
, »
    ","City of God ,            ","
        ,
, (novel), , (screenplay)    "
,,,"Seven Samurai ,            ",
Irvin Kershner,"
                    834
      (","
        ,
,, ,, ,            ,
, »
    ","Star Wars: Episode V - The Empire Strikes Back ,            ","
        ,
, (screenplay by), , (screenplay by)            ,
, »
    "
